<?xml version="1.0" encoding="UTF-8"?>
<presets xmlns="http://josm.openstreetmap.de/tagging-preset-1.0"
  author="Włodzimierz Bartczak"
  icon="qshops.svg"
  version="0.1_2020-12-20"
  shortdescription="Quick settings"
  pl.shortdescription="Szybkie ustawienia"
  description="Quick settings for shops in Poland"
  pl.description="Szybkie ustawienia dla sklepów sieciowych w Polsce (Płatności i informacje globalne)">

  <group name="qShops PL" icon="qshops.svg">
    <item name="Lidl" icon="lidl.png" type="node,closedway">
      <!-- Powtarzalne dane sieci Lidla -->
      <key key="name" value="Lidl" />
      <key key="brand" value="Lidl" />
      <key key="brand:wikidata" value="Q151954" />
      <key key="brand:wikipedia" value="en:Lidl" />
      <key key="operator" value="Lidl sp. z o.o. sp.k" />
      <key key="website" value="https://www.lidl.pl/"/>
      <key key="shop" value="supermarket" />
      <!-- Powtarzalne dane płatności dla Lidla zweryfikowane 15.12.2020 -->
       <key key="payment:cash" value="yes" />
       <key key="payment:contactless" value="yes" />
       <key key="payment:visa_electron" value="yes" />
       <key key="payment:visa_debit" value="yes" />
       <key key="payment:v_pay" value="yes" />
       <key key="payment:visa" value="yes" />
       <key key="payment:maestro" value="yes" />
       <key key="payment:mastercard" value="yes" />
       <key key="payment:diners_club" value="yes" />
       <key key="payment:jcb" value="yes" />
       <key key="payment:blik" value="yes" />
       <key key="payment:google_pay" value="yes" />
       <key key="payment:apple_pay" value="yes" />
       <key key="payment:sodexo" value="yes" />
       <!-- Usuwanie zbędnych tagów-->
       <key key="payment:debit_cards" />
       <key key="payment:credit_cards" />
       <key key="payment:coins" />
    </item>
    <item name="Żabka" icon="zabka.png" type="node,closeway">
      <!-- Powtarzane dane sieci Żabka -->
      <key key="name" value="Żabka"/>
      <key key="name:uk" value="Жабка"/>
      <key key="brand" value="Żabka"/>
      <key key="brand:wikidata" value="Q2589061"/>
      <key key="brand:wikipedia" value="pl:Żabka (sieć sklepów)"/>
      <key key="website" value="https://www.zabka.pl/"/>
      <key key="shop" value="convenience" />
      <!-- Powtarzalne dane płatności dla Żabki zweryfikowane 15.12.2020 -->
       <key key="payment:cash" value="yes" />
       <key key="payment:contactless" value="yes" />
       <key key="cash_withdrawal" value="yes" />
       <key key="payment:maestro" value="yes" />
       <key key="payment:mastercard" value="yes" />
       <key key="payment:visa_electron" value="yes" />
       <key key="payment:visa_debit" value="yes" />
       <key key="payment:v_pay" value="yes" />
       <key key="payment:visa" value="yes" />
       <key key="payment:diners_club" value="yes" />
       <key key="payment:american_express" value="yes" />
       <key key="payment:blik" value="yes" />
       <key key="payment:google_pay" value="yes" />
       <key key="payment:apple_pay" value="yes" />
       <!-- Usuwanie zbędnych tagów-->
       <key key="payment:debit_cards" />
       <key key="payment:credit_cards" />
       <key key="payment:coins" />
    </item>
    <item name="Biedronka" icon="biedronka.png" type="node,closedway">
      <!-- Powtarzane dane sieci Biedronka -->
      <key key="name" value="Biedronka" />
      <key key="name:ru" value="Бедронка" />
      <key key="brand" value="Biedronka"/>
      <key key="brand:wikidata" value="Q857182"/>
      <key key="brand:wikipedia" value="pl:Biedronka (sieć handlowa)"/>
      <key key="operator" value="Jeronimo Martins Polska S.A." />
      <key key="shop" value="supermarket" />
      <key key="website" value="https://www.biedronka.pl"/>
      <key key="email" value="bok@biedronka.eu"/>
      <key key="phone" value="+48 22 205 33 00" />
      <!-- Powtarzalne dane płatności dla Biedronki zweryfikowane 15.12.2020 -->
       <key key="payment:cash" value="yes" />
       <key key="payment:contactless" value="yes" />
       <key key="payment:visa_electron" value="yes" />
       <key key="payment:visa_debit" value="yes" />
       <key key="payment:visa" value="yes" />
       <key key="payment:v_pay" value="yes" />
       <key key="payment:maestro" value="yes" />
       <key key="payment:mastercard" value="yes" />
       <key key="payment:diners_club" value="yes" />
       <key key="payment:blik" value="yes" />
       <key key="payment:sodexo" value="yes" />
       <!-- Usuwanie zbędnych tagów-->
       <key key="payment:debit_cards" />
       <key key="payment:credit_cards" />
       <key key="payment:coins" />
    </item>
    <item name="Netto" icon="netto.png" type="node,closedway">
      <!-- Powtarzane dane sieci Netto -->
      <key key="name" value="Netto" />
      <key key="brand" value="Netto"/>
      <key key="brand:wikidata" value="Q552652"/>
      <key key="brand:wikipedia" value="pl:Netto (duńska sieć handlowa)"/>
      <key key="operator" value="Netto Sp. z o.o." />
      <key key="shop" value="supermarket" />
      <key key="website" value="http://www.netto.pl"/>
      <key key="email" value="netto@netto.pl"/>
      <key key="phone" value="+48 91 46 99 999" />
      <!-- Powtarzalne dane płatności dla Netto zweryfikowane 15.12.2020 -->
       <key key="payment:cash" value="yes" />
       <key key="payment:contactless" value="yes" />
       <key key="payment:visa_electron" value="yes" />
       <key key="payment:visa_debit" value="yes" />
       <key key="payment:visa" value="yes" />
       <key key="payment:v_pay" value="yes" />
       <key key="payment:maestro" value="yes" />
       <key key="payment:mastercard" value="yes" />
       <key key="payment:blik" value="yes" />
       <key key="payment:sodexo" value="yes" />
       <!-- Usuwanie zbędnych tagów-->
       <key key="payment:debit_cards" />
       <key key="payment:credit_cards" />
       <key key="payment:coins" />
    </item name = "Kaufland" icon="kaufland.svg" type="node,closedway">
       <!-- Powtarzane dane sieci Kaufland -->
       <key key="name" value="Kaufland" />
       <key key="brand" value="Kaufland"/>
       <key key="brand:wikidata" value="Q685967"/>
       <key key="brand:wikipedia" value="pl:Kaufland"/>
       <key key="operator" value="Kaufland Polska Markety Sp. z o. o. Sp.k." />
       <key key="shop" value="supermarket" />
       <key key="website" value="https://www.kaufland.pl/"/>
       <key key="phone" value="+48 800 300 062" />
       <!-- Powtarzalne dane płatności dla Kaufland zweryfikowane 15.12.2020 -->
       <key key="payment:cash" value="yes" />
       <key key="payment:contactless" value="yes" />
       <key key="payment:visa_electron" value="yes" />
       <key key="payment:visa_debit" value="yes" />
       <key key="payment:visa" value="yes" />
       <key key="payment:v_pay" value="yes" />
       <key key="payment:maestro" value="yes" />
       <key key="payment:mastercard" value="yes" />
       <key key="payment:sodexo" value="yes" />
       <!-- Usuwanie zbędnych tagów-->
       <key key="payment:debit_cards" />
       <key key="payment:credit_cards" />
       <key key="payment:coins" />
    <item>
    </item>
  </group>
</presets>


